﻿<?xml version="1.0" encoding="utf-8" ?>
<ApplicationPackage
    SchemaVersion="1.0"
    AppVersion="2024.0.0.0"
    ProductCode="{BCF17CB5-B9E9-4877-BB89-23E74576CE47}"
    UpgradeCode="{0F36311B-4F7D-4F79-9F20-D8060649FDB1}"
    Name="EJ_PageSetupImport"
    Description="Utility for importing page setups into current drawing."
    Author="Ed Jobe"
    Helpfile="./Contents/PageSetupImportHelp.html">
  <CompanyDetails
    Name="Ed Jobe Software"
    URL="https://github.com/57gmc"
    Email="edljobe@hotmail.com">
  </CompanyDetails>
  <Components>
    <ComponentEntry
      AppName="EJ_PageSetupImport_CUIX"
      AppDescription="Menu for EJ_PageSetupImport."
      ModuleName="./Contents/EJ_PageSetupImport.cuix"
	    AppType="CuiX"
      LoadOnAutoCADStartup="True"
      >
    </ComponentEntry>
    <ComponentEntry
      AppName="EJ_PageSetupImport"
      AppDescription="Tools for importing page setups into the current drawing."
      MouduleName="./Contents/EJ_PageSetupImport.dll"
	    AppType=".Net"
      LoadOnAutoCADStartup="True"
      >
      <RuntimeRequirements OS="Win64" Platform="AutoCAD*" SeriesMin="R19.0" SeriesMax="R24.3" SupportPath="./Contents"/>
      <Commands GroupName="EJ_">
        <Command Local="ImportPageSetupsConfig" Global="ImportPageSetupsConfig"/>
        <Command Local="ImportPageSetupND" Global="ImportPageSetupND"/>
      </Commands>
    </ComponentEntry>
  </Components>
</ApplicationPackage>